,,,,,,,,,,,,,,,,,,,,,,,,
연번,"광역자치
단체명","기초자치
단체명",축제명,축제유형,개최기간,개최장소,개최방식,"최초
개최년도(년)",합계 예산(백만원),국비 예산(백만원),지방비 예산(백만원),"기타
(민간, 자부담 등) 예산(백만원)",방문객수(2023년) 합계,방문객수(2023년) 내국인(명),방문객수(2023년) 외국인(명),전담조직명,조직형태,설립근거,국비 지원 부처명,축제 담당자 기관명,축제 담당자 부서명,축제 담당자 직급/직책,축제 담당자 성명,축제 담당자 연락처
1,서울,-,서울드럼페스티벌,문화예술,5.25~5.26,노들섬,대면,1999,564,0,564,0,"12,500","12,500",미집계,서울시 문화예술과,지자체,-,해당없음,서울시청,문화예술과,주무관,이지선,02-2133-2571
2,서울,-,서울뮤직페스티벌,문화예술,9.27~9.29,노들섬,대면,2019,"1,062",0,"1,062",0,"12,274","11,774",500,서울시 문화예술과,지자체,-,해당없음,서울시청,문화예술과,주무관,유승운,02-2133-2570
3,서울,-,서울국악축제,전통역사,9월 중,미정,대면,2019,207,0,207,0,"17,442","17,442",미집계,서울시 문화예술과,지자체,-,해당없음,서울시청,문화예술과,주무관,김수현,02-2133-2579
4,서울,-,서울페스타 2024,문화예술,5.1.~5.6.,"서울광장, 광화문광장 등 서울 전역",대면,2022,"2,115",0,"2,115",0,"392,000","149,670","242,330",서울관광재단,재단법인,서울특별시 서울관광재단 설립 및 운영에 관한 조례,해당없음,서울시청,관광정책과,사무관,변상우,02-2133-2810
5,서울,-,서울 바비큐 페스티벌,기타,5.4.~5.5.,노을공원,대면,2024,350,0,350,0,0,0,0,서울관광재단,재단법인,서울특별시 서울관광재단 설립 및 운영에 관한 조례,해당없음,서울시청,관광정책과,주무관,조세근,02-2133-2828
6,서울,-,2024 한강 불빛 공연(드론 라이트 쇼),문화예술,상반기(5~6월) 5회 / 하반기(9~10월) 5회 공연(총 10회 예정),한강공원,대면,2023,837,0,837,0,"124,360","124,360",미집계,서울관광재단,재단법인,서울특별시 서울관광재단 설립 및 운영에 관한 조례,해당없음,서울시청,관광정책과,주무관,오제윤,02-2133-1845
7,서울,-,2024년 추석 농수특산물 서울장터,특산물,9.2~9.7중 3일간 예정,서울광장,대면,2009,350,0,350,0,"205,000","205,000",,서울시,지방자치단체,,해당없음,서울시청,대외협력과,주무관,이영규,02-2133-6668
8,서울,-,한강페스티벌,"문화예술, 생태자연","봄: 5. 10.~5. 12.
여름: 7. 26.~8. 11.
가을: 10. 11.~10. 20.
겨울: 12. 20.~12. 25.",한강 수상 및 11개 한강공원 일대,대면,2013,953,0,953,0,"207,278","207,278",추산불가,해당없음,해당없음,해당없음,해당없음,서울시 미래한강본부,한강문화관광과,주무관,이혜수,02-3780-0718
9,서울,-,2024 책읽는 한강공원,문화예술,"5~6월, 9~10월 
매주 토요일","강서한강공원, 여의도한강공원",대면,2023,585,0,585,0,"246,293","246,293",미집계,해당없음,해당없음,해당없음,해당없음,서울시 미래한강본부,한강문화관광과,주무관,윤성일,02-3780-0735
10,서울,-,제18회 서울안전한마당,안전문화,05.02.~05.04.,여의도공원,대면,2007,300,0,300,0,"70,000","70,000",,소방재난본부,,,해당없음,소방재난본부,예방과,담당,안치운,02-3706-1541
11,서울,-,2024 서울세계도시문화축제,문화예술,5.25.~26,광화문광장 및 청계광장 일원,대면,1996,594,0,594,0,미집계,미집계,미집계,해당없음,해당없음,해당없음,해당없음,서울시청,국제교류과,주무관,강우원,02-2133-5266
12,서울,-,서울라이트 한강 빛섬축제 ,문화예술,10.5.~10.13.,여의도한강공원,대면,2023,"2,600",0,"2,600",0,"95,015","95,015",미집계,도시경관담당관,서울시,서울특별시 축제 육성 및 지원에 관한 조례,해당없음,서울특별시청,도시경관담당관,주무관,김백곤,02-2133-1937
13,서울,-,서울라이트 광화문,문화예술,24. 12. 20. ~ '25. 1. 12.,광화문 및 광화문광장,대면,2022,"3,674",0,"3,674",0,"1,896,426","1,896,426",미집계,도시경관담당관,서울시,서울특별시 축제 육성 및 지원에 관한 조례,해당없음,서울특별시청,도시경관담당관,주무관,안재윤,02-2133-1936
14,서울,-,차없는 잠수교 뚜벅뚜벅 축제,문화예술,5.5.~6.23./9.1.~10.27.,잠수교 및 반포한강공원 일대,대면,2022,"1,856",0,"1,856",0,"2,000,000","1,890,000","110,000",해당없음,해당없음,해당없음,해당없음,서울시 미래한강본부,한강문화관광과,주무관,김보미,02-3780-0760
15,서울,-,한강서래섬유채꽃축제,생태자연,05.10.~05.19.,반포한강공원 서래섬,대면,2004,100,0,100,0,"30,000","30,000",미집계,해당없음,해당없음,해당없음,해당없음,서울시 미래한강본부,한강문화관광과,주무관,김세정,02-3780-0796
16,서울,-,한강종이비행기축제,기타,09.07.,여의도한강공원,대면,2009,50,0,50,0,"3,300","3,300",미집계,해당없음,해당없음,해당없음,해당없음,서울시 미래한강본부,한강문화관광과,주무관,김세정,02-3780-0796
17,서울,-,2024 서울대공원 벚꽃축제,생태자연,4월 초,호숫가둘레길,대면,2016,70,0,70,0,"240,000","240,000",미집계,없음,,,해당없음,서울대공원,전략기획실,주무관,임명경,02-500-7022
18,서울,-,제24회 서울대공원 장미원축제,생태자연,5.24.~6.9.,테마가든,대면,2001,80,0,80,0,"32,000","32,000",미집계,없음,,,해당없음,서울대공원,전략기획실,주무관,임명경,02-500-7022
19,서울,-,제9회 동물원 밖 동물원,문화예술,10~12월,공원 일대,대면,2016,190,0,190,0,"260,000","260,000",미집계,없음,,,해당없음,서울대공원,전략기획실,주무관,임명경,02-500-7022
20,서울,강남구,제13회 강남페스티벌,문화예술,9월중,"코엑스, 영동대로, 마루공원 등",혼합형,2012,"2,532",0,"2,532",0,"56,894","35,416","21,478",해당없음,해당없음,해당없음,해당없음,강남구,관광진흥과,주무관,이민정,02-3423-5534
21,서울,강남구,제5회강남디자인위크,문화예술,5.24.~5.28.,신사동 등,대면,2020,299,0,299,0,"29,710","29,710",미집계,해당없음,해당없음,해당없음,해당없음,강남구,관광진흥과,주무관,문정은,02-3423-5532
22,서울,강남구,제4회 강남 G-KPOP 콘서트,문화예술,5월중,신사 한강공원(잠원지구),대면,2021,390,0,390,0,"5,800","4,500","1,300",해당없음,해당없음,해당없음,해당없음,강남구,관광진흥과,주무관,정진호,02-3423-5542
23,서울,강동구,제29회 강동선사문화축제,전통역사,10.11.~10.13.,서울 암사동 유적 일원,대면,1996,596,0,596,0,"466,174","466,174",미집계,강동구청,기초지자체,서울특별시 강동구 선사문화축제에 관한 조례,해당없음,강동구청,문화예술과,주무관,이지우,02-3425-5247
24,서울,강북구,419혁명국민문화제,전통역사,4.12.~4.19.,강북구 일원,대면,2013,750,200,550,0,"60,000","60,000",미집계,419혁명국민문화제위원회,비영리법인,,국가보훈부,강북구청,문화관광과,주무관,구경모,02-901-6205
25,서울,강북구,천변라이프 강북페스타2024,문화예술,5.31.~6.2.,우이천 일대,대면,2023,294,0,294,0,"13,000","13,000",미집계,-,-,-,해당없음,강북구청,문화관광과,주무관,김가영,02-901-6216
26,서울,강북구 ,제2회 맥주축제,기타(시장활성화),9월중 2일간,강북구 일대,대면,2023,291,0,291,0,"43,239","43,239",미집계,-,-,-,해당없음,강북구청,지역경제과,주무관,김이진,02-901-7252
27,서울,강북구,제2회 크리스마스 마켓,기타(상권활성화),12.20~12.22,수유역 상권일대,대면,2023,192,0,192,0,"48,300","48,300",미집계,-,-,-,해당없음,강북구청,지역경제과,주무관,송형권,02-901-6456
28,서울,강북구,제2회 미아달빛시장,기타(상권활성화),10월~11월중 2일간,미아사거리역 상권일대,대면,2023,55,0,55,0,"1,600","1,600",미집계,-,-,-,해당없음,강북구청,지역경제과,주무관,유보람,02-901-6452
29,서울,광진구,제2회 광진청년문화Street페스티벌,문화예술,9월 중,능동로 일대,대면,2023,100,0,100,0,"3,800","3,800",미집계,광진구청 문화예술과,,,해당없음,광진구청,문화예술과,주무관,김명진,02-450-7596
30,서울,금천구,제2회 금천 청년축제,기타,09.28.(예정),관내(미정),대면,2023,89,0,89,0,200,200,미집계,해당없음,,,해당없음,금천구청,일자리청년과,주무관,최서강,02-2627-2583
31,서울,금천구,제6회 금천과학축제,문화예술(과학),09.06.~09.07.,금천구청 일대,대면,2019,280,0,280,0,"7,470","7,470",미집계,해당없음,,,해당없음,금천구청,교육지원과,주무관,정아람,02-2627-2813
32,서울,금천구,2024 금천하모니축제,문화예술,05.10.~05.12.,구청광장,대면,2005,375,0,375,0,"15,000","15,000",미집계,금천문화재단,재단법인,서울특별시 금천문화재단 설립 및 운영에 관한 조례,해당없음,금천구청,문화체육과,주무관,장준석,02-2627-1445
33,서울,금천구,2024년 제7회 정조대왕 능행차 공동재현 행사,전통역사,10.05-10.06.,금천구청 광장 및 시흥행궁터 일대(시흥5동),대면,2016,180,0,180,0,"7,000","7,000",미집계,해당없음,,,해당없음,금천구청,문화체육과,주무관,이원지,02-2627-1453
34,서울,금천구,감로천 축제,기타(주민화합 등),10.19.,감로천생태공원,대면,2022,13,0,13,0,"1,000",900,100,독산4동 주민자치회,비영리조직,금천구 주민자치회 및 자치회관 설치운영에 관한 조례,해당없음,금천구 독산4동,독산4동 주민센터,주무관,최은경,02-2104-5331
35,서울,금천구,제4회 금천패션영화제,문화예술,11.01.~11.04.,금천구 가산동 일원(롯데시네마 가산디지털점),대면,2021,200,0,80,120,"2,090","2,090",미집계,금천문화재단,재단법인,금천문화재단 설립에 관한 조례,해당없음,금천문화재단,정책실,주임,장명화,070-7709-3219
36,서울,노원구,노원 수제맥주축제,기타,5.31.~6.1.,화랑대 철도공원,대면,2023,220,0,220,0,"29,454","29,450",4,노원문화재단,재단법인,서울특별시 노원구 문화재단 설립 및 운영에 관한 조례(2019년),해당없음,노원구청,문화도시과,주무관,최석우,02-2116-7142
37,서울,노원구,노원달빛산책,문화예술,10.11.~11.3.,당현천 일원,대면,2018,600,0,600,0,"956,858","956,858",0,노원문화재단,재단법인,서울특별시 노원구 문화재단 설립 및 운영에 관한 조례(2019년),해당없음,노원구청,문화도시과,주무관,최석우,02-2116-7142
38,서울,노원구,댄싱노원,문화예술,9.28.~9.29.,노해로 일원,대면,2013,700,0,700,0,124378,124334,44,노원문화재단,재단법인,서울특별시 노원구 문화재단 설립 및 운영에 관한 조례(2019년),해당없음,노원구청,문화도시과,주무관,최석우,02-2116-7142
39,서울,도봉구,우이천 벚꽃 축제,문화예술,04.03.~04.07.,우이천,대면,2013,270,0,270,0,"15,000","15,000",미집계,도봉구청,공공(구),자체추진,해당없음,도봉구,문화체육과,주무관,김진희,02-2091-2254
40,서울,도봉구,제12회 도봉구 등 축제,문화예술,10. 4. ~ 10. 12.,평화문화진지 및 다락원체육공원일대,대면,2013,170,0,170,0,"60,000","60,000",미집계,도봉구청,공공(구),자체추진,해당없음,도봉구,문화체육과,주무관,김진희,02-2091-2254
41,서울,동대문구,동대문구 봄꽃축제,생태자연,3.30.~3.31.,중랑천 제1체육공원 및 장안벚꽃로,대면,,"220,000",0,"220,000",0,"55,000","55,000",,"동대문구
문화관광과",,동대문구 문화체육행사 및 교실운영에 관한 조례 제2조,해당없음,동대문구청,문화관광과,주무관,오지은,02-2127-4711
42,서울,동대문구,선농대제,전통역사,4.20.,선농단,대면,,"238,000","2,100","235,900",0,"2,710","2,710",,"동대문
문화재단",재단법인,서울특별시 동대문문화재단 설립 및 운영에 관한 조례,문화재청,동대문구청,문화관광과,주무관,박상민,02-2127-4158
43,서울,동대문구,청룡문화제,전통역사,10.26.,용두근린공원,대면,1991,"30,000",0,"30,000",0,500,500,,동대문문화원,,지방문화원진흥법 및 서울시 동대문구 문화원 지원 및 육성에 관한 조례,해당없음,동대문구청,문화관광과,주무관,전상미,02-2127-4299
44,서울,마포구,제17회 마포나루 새우젓축제,"전통역사
특산물",10.18.~10.20.,월드컵공원 평화광장,대면,2008,510,0,510,0,"680,000","680,000",미집계,마포문화원,비영리법인,서울특별시 마포구 마포문화원 지원에 관한 조례,해당없음,마포구청,문화예술과,주무관,임신정,02-3153-8353
45,서울 ,마포구,제21회 마포음식문화축제,기타(주민화합 등),10월 중,도화소어린이공원 ,대면,2002,20,0,20,0,400,400,미집계,용강동상점가상인회,상인회,서울특별시 마포구 전통시장 및 상점가 육성을 위한 조례,해당없음,마포구청,경제진흥과,주무관,박병진,02-3153-8582
46,서울,마포구,하늘길 페스타,기타(상권활성화),10. 4.~10.5.,합정동 ,대면,2023,200,0,200,0,"1,000","1,000",미집계,해당없음,,,해당없음,마포구청,경제진흥과,주무관,이현경,02-3153-8574
47,서울,마포구,제4회 상암동 통통통 물통통 마을축제,기타,7월중(1일),구룡근린공원,대면,2018,20,0,20,0,"3,000","3,000",미집계,,,,해당없음,마포구,상암동,주무관,이윤선,02-3153-6963
48,서울,마포구,2024년 연남동주민화합대축제,기타(주민화합),10월 중,경의선숲길공원 연남구간 끝자락,대면,2015,20,0,20,0,300,300,미집계,-,-,-,해당없음,마포구청,연남동,주무관,양혜리,02-3153-6873
49,서울,서대문구,서대문 벚꽃 축제,문화예술,4월중,"홍제천, 안산일대",대면,2011,99,0,99,0,"40,000","40,000",미집계,,,,,서대문구청,문화체육과,주무관,이보라,02-330-1576
50,서울,서대문구,서대문독립축제,"문화예술, 전통역사",8월중,서대문형무소역사관,대면,2010,245,0,245,0,"147,000","147,000",미집계,,,,,서대문구청,문화체육과,주무관,이보라,02-330-1576
51,서울,서대문구,신촌글로벌대학문화축제,문화예술,9.25~9.27,신촌 연세로 일대,대면,2023,290,0,290,0,"531,000","530,000","1,000",,,,,서대문구청,문화체육과,주무관,이윤슬,02-330-6714
52,서울,서대문구,신촌카운트다운 콘서트,문화예술,12.31.,신촌 스타광장,대면,2022,226,0,226,0,"18,478","18,478",미집계,,,,,서대문구청,문화체육과,주무관,이윤슬,02-330-6714
53,서울,서초구,봄밤의 클래식 축제,문화예술,4월중,방배뒷벌공원,대면,2023,400,0,400,0,"5,000","5,000",,,,,,서초구청,문화관광과,주무관,신지애,02-2155-6229
54,서울,서초구,서초뮤직앤아트페스티벌,문화예술,6월중,고속터미널,대면,2023,200,0,200,0,"5,000","5,000",,서초문화재단,재단법인,서울특별시 서초구 문화재단 설립 및 운영에 관한 조례,,서초구청,문화관광과,주무관,신지애,02-2155-6229
55,서울,서초구,2024 서리풀페스티벌,문화예술,9월중,반포대로일대,대면,2015,"1,000",0,"1,000",0,"120,000","118,000","2,000",서초문화재단,재단법인,서울특별시 서초구 문화재단 설립 및 운영에 관한 조례,,서초구청,문화관광과,주무관,신지애,02-2155-6229
56,서울,영등포구,제18회 영등포 여의도 봄꽃축제,"문화예술, 생태자연",3월말 중,여의동,대면,2005,596,0,296,300,"2,100,000","2,100,000",미집계,영등포구청,지방자치단체,,해당없음,영등포구청,문화체육과,주무관,전수린,02-2670-3128
57,서울,영등포구,선유로운 축제,문화예술,5월 중,양평2동,대면,2023,80,0,80,0,"10,000","10,000",미집계,영등포구청,지방자치단체,,해당없음,영등포구청,지역경제과,주무관,김소영,02-2670-3428
58,서울,영등포구,안양천 썸머 페스티벌,생태자연,7월말~8월초,문래동,대면,2024,50,0,50,0,0,0,0,영등포구청,지방자치단체,,해당없음,영등포구청,문화체육과,주무관,전수린,02-2670-3128
59,서울,영등포구,선유로운 축제,문화예술,9~10월 중,양평2동,대면,2023,80,0,80,0,"5,000","5,000",미집계,영등포구청,지방자치단체,,해당없음,영등포구청,지역경제과,주무관,김소영,02-2670-3428
60,서울,영등포구,안양천 수변문화축제,"문화예술, 생태자연",9월~10월 중,안양천,대면,2024,140,70,70,0,0,,,영등포문화재단,재단법인,영등포문화재단 설립에 관한 조례,문화체육관광부,영등포문화재단,문화도시기획팀,팀장,조민우,02-2634-2234
61,서울,용산구,2024 이태원 지구촌 축제,문화예술,9월 중,이태원관광특구 일대,혼합형(대면 중심),2002,401,0,401,0,0,0,0,이태원관광특구연합회,사단법인,"˹민법˼ 제32조, ˹문화체육관광부 및 문화재청 소관 비영리법인의 설립 및 감독에 관한 규칙˼ 제4조",해당 없음,용산구청,관광체육과,주무관,최영철,02-2199-7552
62,서울,용산구,제42회 남이장군사당제,전통역사,11.1.~11.5.,용문동 일원,대면,1982,40,0,40,0,"2,000","2,000",미집계,남이장군사당제보존회,지역단체,,해당없음,용산구청,문화진흥과,주무관,이승연,02-2199-7245
63,서울,용산구,용산 문화유산 야행,전통역사,9.27.~9.28.,효창공원,대면,2024,40,0,40,0,0,해당없음,해당없음,용산구청,지자체,,해당없음,용산구청,문화진흥과,주무관,이승연,02-2199-7245
64,서울,종로구,인사동 엔틱 & 아트페어,전통역사,8.~10.,인사동 일대,대면,1987,270,0,270,0,"10,000","8,000","2,000",(사)인사동전통문화보존회,사단법인,서울특별시 문화지구 관리 및 육성에 관한 조례,해당없음,종로구청,문화과,주무관,안미희,02-2148-1805
65,서울 ,종로구,놀러와 대학로! 차 없는 거리 축제,문화예술,미정,대학로 일원,대면,1985,290,0,290,0,"190,000","40,000","150,000",종로구청 문화과,지방자치단체,서울특별시 문화지구 관리 및 육성에 관한 조례,해당없음,종로구청,문화과,주무관,박신형,02-2148-1812
66,서울,종로구,2024 웰컴대학로 축제(가칭),문화예술,미정,대학로 일원,혼합형,2017,"1,500","1,500",0,0,"50,000","50,000",미집계,한국관광공사 한류콘텐츠팀,준정부기관,,해당없음,종로구청,문화과,주무관,박신형,02-2148-1812
67,서울,종로구,제16회 정순왕후 문화제,전통역사,4월중,숭인근린공원(동망봉),대면,2008,30,0,30,0,350,350,미집계,종로구청 관광체육과,지방자치단체,,해당없음,종로구청,관광체육과,주무관,홍태경,02-2148-1855
68,서울,종로구,궁중과 사대부가 전통음식축제,전통역사,10월중,운현궁,대면,2004,55,0,55,0,"3,055","3,055",미집계,종로구청 관광체육과,지방자치단체,,해당없음,종로구청,관광체육과,주무관,이성민,02-2148-1852
69,서울,종로구,종로청계야 놀자,문화예술,10월중,청계관광특구 내,대면,2007,100,50,0,50,"2,673","2,673",미집계,종로구청 관광체육과,지방자치단체,,해당없음,종로구청,관광체육과,주무관,양슬기,02-2148-1864
70,서울,종로구,돈화문로 문화축제,문화예술,10월중,돈화문로 일대,대면,2019,55,0,55,0,"1,403","1,403",미집계,종로구청 관광체육과,지방자치단체,,해당없음,종로구청,관광체육과,주무관,김진아,02-2148-1862
71,서울,종로구,북촌공방축제,문화예술,10월중,서울교육박물관 마당,대면,2011,40,0,40,0,"7,900","7,900",미집계,종로구청 관광체육과,지방자치단체,,해당없음,종로구청,관광체육과,주무관,김진아,02-2148-1862
72,서울,중구,정동야행축제,문화예술,05.24.~05.25.,정동 일대,대면,2015,"359,000","88,000","271,000",0,"103,000","100,000","3,000",-,-,-,문화체육관광부,중구,문화정책과,주무관,박장호,02-3396-4613
73,서울,중랑구,2023 서울장미축제,문화예술,5월중,중랑장미공원,대면,2015,400,0,400,0,"2,600,000","2,600,000",,중랑문화재단,재단법인,서울특별시 중랑문화재단 설립 및 운영에 관한 조례,해당없음,중랑구청,문화관광과,주무관,이평천,02-2094-1823
74,서울,중랑구,2023 용마폭포문화예술축제,문화예술,10월중,용마폭포공원,대면,2016,80,0,80,0,"25,000","25,000",,중랑문화재단,재단법인,서울특별시 중랑문화재단 설립 및 운영에 관한 조례,해당없음,중랑구청,문화관광과,주무관,김진수,02-2094-1822
75,서울,성북구,2024 성북천 봄꽃축제,기타,04.12~04.13(예정),성북천상점가일원,대면,2023,30,0,30,0,0,미집계,미집계,,,,해당없음,성북구청,지역경제과,주무관,박정민,02-2241-3972
76,서울,성북구,제13회 유러피안 크리스마스 마켓,문화예술,12월 중(미정) 2일간,한성대입구역 부근,대면,2010,80,0,80,0,"23,000","10,000","13,000",성북글로벌빌리지센터,공공기관(성북구청),"서울특별시 외국인주민 및 다문화가족 지원조례
서울특별시 성북구 거주외국인 등 지원 조례",해당없음,성북구청,행정지원과,주무관,강길원,02-2241-6381
77,서울,송파구,사각사각 가을축제,문화예술,10월 중(2일간),잠실한강공원 사각사각플레이스,대면,2018,66,0,66,0,250,250,0,해당없음,해당없음,해당없음,해당없음,서울시 미래한강본부,한강문화관광과,주무관,이하연,02-3780-0799
78,부산,-,조선통신사축제,전통역사,5.3.~5.5.,광복로 일원,대면,2003,260,0,260,0,"10,000","8,000","2,000",부산문화재단,재단법인,부산문화재단 설립 및 운영 지원 조례,해당없음,부산광역시,문화유산과,주무관,백종훈,051-888-5096
79,부산,-,부산원도심활성화축제,문화예술,5월중,"중구,서구 일원",대면,2015,150,0,135,15,"6,100","6,100",미집계,(사)부산문화관광축제조직위원회,사단법인,부산광역시 축제의 육성 및 지원에 관한 조례 ,해당없음,부산광역시,관광진흥과,주무관,임성원,051-888-5221
80,부산,-,부산항축제,기타,"5월중
(예정)","부산항국제여객터미널, 영도아미르공원 일원",혼합형,2008,600,0,300,300,"55,000","55,000",미집계,공모예정,,,해당없음,부산광역시,해양레저관광과,주무관,이정민,051-888-5352
81,부산,-,부산바다축제,문화예술,7월말,다대포해수욕장 등,대면,1996,920,0,870,50,"50,000","50,000",미집계,(사)부산문화관광축제조직위원회,사단법인,부산광역시 축제의 육성 및 지원에 관한 조례 ,해당없음,부산광역시,관광진흥과,주무관,박지선,051-888-5222
82,부산,-,부산국제록페스티벌,문화예술,10월중,삼락생태공원,대면,2000,"4,000",0,730,"3,270","30,000","30,000",미집계,(사)부산문화관광축제조직위원회,사단법인,부산광역시 축제의 육성 및 지원에 관한 조례 ,해당없음,부산광역시,관광진흥과,주무관,임성원,051-888-5221
83,부산,-,부산불꽃축제,문화예술,11월중,광안리해수욕장 일원,대면,2005,"3,000",0,"1,700","1,300","770,000","770,000",미집계,(사)부산문화관광축제조직위원회,사단법인,부산광역시 축제의 육성 및 지원에 관한 조례 ,해당없음,부산광역시,관광진흥과,주무관,임태훈,051-888-5222
84,부산,-,해운대북극곰축제,생태자연,12월중,해운대해수욕장,대면,1988,500,0,330,170,"10,000","10,000",미집계,부산일보사,,,해당없음,부산광역시,관광진흥과,주무관,임성원,051-888-5221
85,부산,-,부산 시민의종 타종행사,문화예술,12.31.,용두산공원,대면,-,108,0,108,0,"7,675","7,675",미집계,(사)부산문화관광축제조직위원회,사단법인,부산광역시 축제의 육성 및 지원에 관한 조례 ,해당없음,부산광역시,관광진흥과,주무관,박지선,051-888-5222
86,부산,중구,광복로 연등문화제,문화예술,5월중,광복로 일원,대면,2014,60,0,50,10,"1,700","1,700",미집계,(사)부산시중구불교연합회,사단법인,부산광역시 중구 축제의 지원 및 운영에 관한 조례,해당없음,중구청,문화관광과,주무관,김지훈,051-600-4065
87,부산,중구,유라리건맥축제,지역특산물,9월중,유라리광장 일원,대면,2023,70,0,70,0,0,미집계,미집계,부산광역시 중구,지자체,부산광역시 중구 축제의 지원 및 운영에 관한 조례,해당없음,중구청,문화관광과,주무관,김민선,051-600-4085
88,부산,중구,부산자갈치축제,지역특산물,10월중,자갈치시장 일원,대면,1992,280,0,280,0,0,미집계,미집계,(사)부산자갈치문화관광축제위원회,사단법인,부산광역시 중구 축제의 지원 및 운영에 관한 조례,해당없음,중구청,문화관광과,주무관,김민선,051-600-4085
89,부산,중구,보수동책방골목 문화축제,문화예술,10월중,보수동책방골목 일원,대면,2004,11,0,10,1,600,600,미집계,보수동책방골목번영회,비영리법인,부산광역시 중구 독서문화 진흥 조례,해당없음,중구청,문화관광과,주무관,최우영,051-600-4045
90,부산,중구,광복로 겨울빛 트리축제,문화예술,24.12.~25.1.,광복로 일원,대면,2022,900,0,600,300,0,미집계,미집계,부산광역시 중구,지자체,부산광역시 중구 축제의 지원 및 운영에 관한 조례,해당없음,중구청,문화관광과,주무관,김민선,051-600-4085
91,부산,서구,부산고등어축제,지역특산물,10월중,송도해수욕장,혼합형,2008,190,0,156,34,"210,000","210,000",미집계,부산서구문화원,비영리법인,부산광역시 문화원 지원 및 육성에 관한 조례,해당없음,서구청,문화관광과,주무관,조연희,051-240-4062
92,부산,서구,부산 서구 의료관광축제,기타(지역산업),10월중,송도오션파크,대면,2022,90,0,90,0,"10,000","10,000",미집계,부산광역시 서구,지자체,"부산 서구 의료관광 활성화에 
관한 조례",해당없음,서구청,기획감사실,주무관,성명희,051-240-4017
93,부산,동구,부산차이나타운문화축제,문화예술,10.18.~10.20.,"부산역, 차이나타운 일원",혼합형,2004,155,0,155,0,"40,000","30,000","10,000",차이나타운축제추진위원회,위원회,부산광역시 동구 축제운영에 관한 조례,해당없음,동구청,문화관광과,주무관,이정미,051-440-4062
94,부산,동구,동구 3.1절 기념 행사,문화예술,3.9.,시민마당 등,대면,2013,0,미정,미정,0,500,500,0,부산동구문화원,비영리법인,지방문화원진흥법 제4조 제1항,,동구청,문화관광과,주무관,김진용,051-440-4064
95,부산,동구,웹툰이바구길축제,문화예술,10월중,범일동 성북시장(웹툰이바구길) 일원,대면,2023,40,0,40,0,"4,000","4,000",미집계,부산광역시 동구,지자체,부산광역시 동구 축제운영에 관한 조례,해당없음,동구청,문화관광과,주무관,백지수,051-440-4812
96,부산,영도구,영도다리축제,문화예술,10월중,아미르공원,대면,1993,521,0,413,108,"150,000","150,000",미집계,부산영도문화원,비영리법인,부산광역시 영도구 영도문화원 지원 조례,해당없음,영도구,문화관광과,주무관,류세진,051-419-4064
97,부산,영도구,영도커피페스티벌,문화예술,5.24.~5.26.,아미르공원,대면,2019,256,0,256,0,"110,000","110,000",미집계,부산광역시 영도구,지자체,,해당없음,영도구,경제산업과,주무관,곽지향,051-419-6332
98,부산,부산진구,"전포커피축제
(구. 전포카페거리축제)",기타,10월중,전포카페거리 일원,대면,2017,80,0,80,0,"8,500","8,400",100,"부산진구/
전포카페거리,전포공구길, 전포사잇길 상인회","지자체
/민간단체",부산광역시 부산진구 축제 육성 및 지원에 관한 조례,해당없음 ,부산진구청,문화관광과,주무관,김지영,051-605-4524
99,부산,부산진구,서면메디컬스트리트축제 ,기타,10월중,서면 메디컬스트리트일원,대면,2011,100,0,75,25,"5,000","4,000","1,000","부산진구/
(사)서면메디컬스트리트 의료관광협의회           ","지자체
/협의회",부산광역시 부산진구 축제 육성 및 지원에 관한 조례,해당없음,부산진구청,문화관광과,주무관,송지원,051-605-4521
100,부산,부산진구,서면 빛 축제 ,주민화합,24.10.~25.1.,서면1번가 일원,대면,2020,600,0,600,0,"96,000","96,000",0,부산광역시 부산진구 ,지자체,부산광역시 부산진구 축제 육성 및 지원에 관한 조례,해당없음,부산진구청,문화관광과,주무관,이지현,051-605-4522
101,부산,동래구,동래읍성역사축제,전통역사,10.11.~10.13.,"동래문화회관, 동래읍성광장,
온천천카페거리,
온천장 등",대면,1995,875,0,775,100,"201,820","201,820",미집계,"동래구, 동래문화원, 
동래읍성역사추진위원회","비영리법인/
위원회/
지방자치단체",지방문화원진흥법 제4조 제1항,해당없음,동래구청,문화관광과,주무관,문대혁,051-550-4094
102,부산,동래구,동래 3.1만세운동재현행사,문화예술,3.1.,내성초 및 동래시장 일원 만세거리,대면,1996,33,미정,33,0,"2,000","2,000",미집계,"동래구, 동래문화원","비영리법인/
지방자치단체",지방문화원진흥법 제4조 제1항,,동래구청,문화관광과,주무관,최원영,051-550-4092
103,부산,남구,UN평화축제,문화예술,10.19.~10.20.,평화공원 일원,대면,1997,277,0,277,0,"62,000","62,000",미집계,부산광역시 남구,지자체,부산광역시 남구 축제 육성 미 운영에 관한 조례,해당없음,남구청,문화예술과,주무관,강경희,051-607-4064
104,부산,북구,구포장터 3.1만세운동기념행사,문화예술,3.29.,구포역 광장 등,대면,1999,13,0,13,0,200,200,미집계,낙동문화원,비영리법인,부산광역시 문화원 지원 및 육성에 관한 조례,,북구청,문화체육과,주무관,석창대,051-309-4066
105,부산,북구,낙동강 구포나루 축제,문화예술,10월중(3일간),화명생태공원 연꽃단지 일원,대면,2011,400,0,400,0,"370,000","370,000",미집계,부산 북구,지자체,문화예술진흥법 제7조,해당없음,북구청,문화체육과,주무관,민찬영,051-309-4522
106,부산,해운대구,해운대 달맞이온천축제,전통역사,2.22.~2.24.,해운대해수욕장 일원 ,대면,1983,75,0,35,40,"30,000","30,000",미집계,(사)해운대지구발전협의회,사단법인,부산광역시 해운대구 축제의 육성 및 지원에 관한 조례,해당없음,해운대구청,문화관광과,주무관,전정희,051-749-4061
107,부산,해운대구,해운대모래축제,생태자연,5.24.~5.27.,해운대해수욕장 일원 ,대면,2005,"68,035",0,"68,035",0,"853,000","853,000",미집계,부산광역시 해운대구,지자체,부산광역시 해운대구 축제의 육성 및 지원에 관한 조례,해당없음,해운대구청,문화관광과,주무관,이은영,051-749-4062
108,부산,해운대구,해운대 해양레저축제,문화예술,8.24.~8.25.,송정해수욕장 일원,대면,2017,70,0,70,0,"2,000","2,000",미집계,부산광역시 해운대구,지자체,부산광역시 해운대구 축제의 육성 및 지원에 관한 조례,해당없음,해운대구청,해양진흥과,주무관,김광진,051-749-5602
109,부산,해운대구,해운대 빛축제,문화예술,12월중,"해운대해수욕장, 구남로, 온천길, 시장길 일원 ",대면,2014,미정,0,미정,0,"3,787,000","3,787,000",미집계,부산광역시 해운대구,지자체,부산광역시 해운대구 축제의 육성 및 지원에 관한 조례,해당없음,해운대구청,문화관광과,주무관,이은영,051-749-4062
110,부산,해운대구,"해운대 카운트다운
&해맞이축제",기타,"24.12.31.
~25.1.1.",해운대해수욕장 일원 ,대면,2019,미정,0,미정,0,"50,000","50,000",미집계,부산광역시 해운대구,지자체,부산광역시 해운대구 축제의 육성 및 지원에 관한 조례,해당없음,해운대구청,문화관광과,주무관,이은영,051-749-4062
111,부산,사하구,다대포어항문화축제,전통역사,10월중,다대포항 공판장 일원,대면,2010,80,0,40,40,"12,000","12,000",미집계,다대포어항문화축제추진위원회,위원회,-,해당없음,사하구청,경제진흥과,주무관,권오현,051-220-4502
112,부산,사하구,감천문화마을골목축제,문화예술,10월중,감천문화마을 일원,대면,2011,-,-,-,미정,"55,920","31,539","24,381",(사)감천문화마을 주민협의회,사단법인,"부산광역시 사하구 감천문화마을 조성 및 
운영 지원 등에 관한 조례",해당없음,사하구청,도시재생과,주무관,이승현,051-220-5925
113,부산,금정구,금정산성축제,문화예술,5.24.~5.26.,금정산성광장 및 금정산 일원,혼합형,1996,400,0,400,0,"38,500","38,500",미집계,(재)금정문화재단,재단법인,금정구 금정문화재단 설립 및 운영에 관한 조례,해당없음,금정구청,문화관광과,주무관,손민정,051-519-4062
114,부산,금정구, 부산국제공연예술제,문화예술,9월중,부산대학로 및 금정구 일원,혼합형,2017,90,0,90,0,"30,000","30,000",미집계,(재)금정문화재단,재단법인,금정구 금정문화재단 설립 및 운영에 관한 조례,해당없음,금정구청,문화관광과,주무관,신재훈,051-519-4066
115,부산,금정구,회동호 가을빛 축제,문화예술,10월중,회동호 일원,혼합형,2023,50,0,50,0,"3,000","3,000",미집계,부산광역시 금정구,지자체,부산광역시 금정구 축제위원회 육성 및 지원에 관한 조례,해당없음,금정구청,문화관광과,주무관,손민정,051-519-4062
116,부산,금정구,라라라 페스티벌,기타,10월중,온천천,혼합형,2016,90,0,90,0,"100,000","100,000",미집계,부산광역시 금정구,지자체,부산광역시 금정구 축제위원회 육성 및 지원에 관한 조례,해당없음,금정구청,환경위생과,주무관,박영주,051-519-4424
117,부산,연제구,연제고분판타지축제,전통역사,3.22.~3.24.,"온천천시민공원, 연산동 고분군",대면,2018,350,0,350,0,"126,000","126,000",미집계,연제구축제추진위원회,위원회,부산광역시 연제구 축제추진위원회 육성 및 지원조례,해당없음,연제구청,문화체육과,주무관,정의창,051-665-4064
118,부산,강서구,강서 낙동강30리 벚꽃축제,생태자연,"3.29.~3.31.
(예정)",대저생태공원 일원,대면,2015,266,0,261,5,"200,000","200,000",미집계,강서구축제추진위원회,위원회,부산광역시 강서구 축제 지원 조례,해당없음,강서구청,문화체육과,주무관,전병대,051-970-4062
119,부산,강서구,명지시장 전어축제,특산물,8월말,명지시장 일원,대면,2001,66,0,36,30,"30,000","30,000",미집계,명지시장전어축제추진위원회,위원회,부산광역시 강서구 축제 지원 조례,해당없음,강서구청,경제진흥과,주무관,박춘선,051-970-4472
120,부산,강서구,대저토마토축제,특산물,3.23.~3.24.,강서체육공원,대면,2001,400,0,36,364,"100,000","100,000",미집계,대저토마토축제 추진위원회,위원회,부산광역시 강서구 축제 지원 조례,해당없음,강서구청,농산과,주무관,김지영,051-970-4814
121,부산,수영구,광안리어방축제,전통역사,5.10.~5.12.,광안리해변 및 수영사적공원 일원,대면,2001,"1,181",36,"1,145",0,"211,000","210,000","1,000",-,지자체,부산광역시 수영구 축제 육성 및 운영 지원에 관한 조례,문화체육관광부,수영구청,문화관광과,주무관,백승진,051-610-4062
122,부산,사상구,사상강변축제,문화예술,"10월중
(2일간)",삼락생태공원 일원,대면,2001,350,0,330,20,"70,000","69,000","1,000",사상문화원,사단법인,지방문화원진흥법,해당없음,사상구청,문화체육과,주무관,최윤정,051-310-4062
123,부산,사상구,삼락벚꽃축제,문화예술,3.30.~31.,"삼락생태공원 일원, 낙동제방",대면,2009,55,0,55,0,"20,000","19,500",500,사상문화원,사단법인,지방문화원진흥법,해당없음,사상구청,문화체육과,주무관,여가연,051-310-4064
124,부산,기장군,기장멸치축제,특산물,4월중,대변항 일원,대면,1997,240,0,120,120,"150,000","150,000",0,기장멸치축제추진위원회,위원회,부산광역시 기장군 축제 운영 및 지원에 관한 조례,해당없음,기장군청,해양수산과,주무관,하정훈,051-709-4502
125,부산,기장군,기장미역다시마 축제,특산물,4월중,이동항 일원,대면,2010,80,0,72,8,0,0,0,기장미역다시마축제추진위원회,위원회,부산광역시 기장군 축제 운영 및 지원에 관한 조례,해당없음,기장군청,해양수산과,주무관,허민정,051-709-4612
126,부산,기장군,정관생태하천학습문화축제,문화예술,6월중(하루),"정관읍 좌광천 일원, 중앙공원,윗골공원,구목정공원",대면,2012,180,0,180,0,"30,000","30,000",미집계,정관생태하천학습문화축제추진위원회,위원회,부산광역시 기장군 축제운영 및 지원에 관한 조례,해당없음,기장군청,교육청소년과,주무관,허윤정,051-709-4332
127,부산,기장군,기장갯마을축제,주민화합,7~8월중,일광해수욕장,대면,1995,84,0,84,0,"10,000","10,000",미집계,기장갯마을축제추진위원회,위원회,부산광역시 기장군 축제 운영 및 지원에 관한 조례,해당없음,기장군청,문화체육과,주무관,배은미,051-709-4065
128,부산,기장군,기장붕장어축제,특산물,9~10월중,신암항 일원,대면,2004,160,0,80,80,"20,000","20,000",미집계,기장붕장어축제추진위원회,위원회,부산광역시 기장군 축제 운영 및 지원에 관한 조례,해당없음,기장군청,해양수산과,주무관,김성민,051-709-4524
129,부산,기장군,차성문화제,문화예술,10월중,기장현대차드림볼파크(미정),대면,1995,348,0,348,0,"50,000","50,000",미집계,차성문화제추진위원회,위원회,부산광역시 기장군 차성문화제 조례,해당없음,기장군청,문화체육과,주무관,정미옥,051-709-4062
130,부산,기장군,철마한우불고기축제,특산물,"10월중
(예정)",철마도시 농업공원,대면,2005,280,0,161,119,"300,000","300,000",미집계,철마한우불고기축제추진위원회,위원회,부산광역시 기장군 축제 운영 및 지원에 관한 조례,해당없음,기장군청,농업정책과,팀장,이희영,051-709-2893
131,부산,기장군,기장군 가을꽃나들이 홍보행사,특산물,"10.17.~10.20.
(예정)",정관 중앙공원 일원,대면,2019,50,0,50,0,0,미집계,미집계,기장군화훼작목반 연합회,민간단체,,해당없음,기장군청,농업정책과,주무관,김송희,051-709-4404
132,부산,기장군,기장 쪽파파전 홍보행사,특산물,"11.9.~11.10.
(예정)",장안읍 일원,대면,2018,42,0,30,12,"10,000","10,000",미집계,기장쪽파영농조합법인,민간단체,,해당없음,기장군청,농업정책과,주무관,박수란,051-709-4405
133,대구,-,제46회 대구약령시한방문화축제,전통역사,05.08.~05.12.,대구약령시 일원,대면,1978,400,0,380,20,"89,607","89,607",미집계,(사)약령시보존위원회,사단법인,"민법 제32조, 대구광역시 사무의 민간위탁 촉진 및 관리 조례 제4조, 대구광역시 한의약박물관 관리 및 운영조례",해당없음,대구시청,의료산업과,주무관,김석현,053-803-6452
134,대구,-,파워풀대구페스티벌,문화예술,05.11.~05.12.,국채보상로 일원,대면,2005,"1,800",0,"1,800",0,"610,000","610,000",미집계,(사)대구예술문화단체총연합회,사단법인,"민법, 문화체육관광부 및 문화재청 소관 비영리법인의 설립 및 감독에 관한 규칙",해당없음,대구시청,문화콘텐츠과,주무관,류혜숙,053-803-3785
135,대구,-,대구생활문화제 ,문화예술,05.11.~05.12.,생활문화센터 등 대구 일원,대면,2014,109,0,109,0,"2,600","2,600",미집계,대구문화예술진흥원,재단법인,재단법인 대구문화예술진흥원 설립 및 운영 조례,해당없음,대구시청,문화예술정책과,주무관,조현숙,053-803-3738
136,대구,-,형형색색 달구벌 관등놀이,전통역사,5월경,대구 전역,혼합형,2013,322,0,322,0,"50,000","50,000",미집계,대구불교총연합회,사단법인,"문화예술진흥법 제3조, 제39조 등",해당없음,대구시청,문화유산과,주무관,박정남,053-803-3755
137,대구,-,제18회 대구국제뮤지컬페스티벌,문화예술,06.21.~07.08.,대구오페라하우스 및 공연장,대면,2007,"2,700",400,"2,300",0,"27,242","27,242",미집계,대구국제뮤지컬페스티벌,사단법인,문화체육관광부 및 문화재청 소관 비영리법인의 설립 및 감독에 관한 규칙,문화체육관광부,대구시청,문화콘텐츠과,주무관,김대영,053-803-3791
138,대구,-,대구치맥페스티벌,기타(산업육성),7월초(5일간),두류공원,대면,2013,"2,176",36,"1,240",900,"210,000","200,000","10,000",(사)한국치맥산업협회,사단법인,농림축산식품부장관 및 그 소속청장 소관 비영리법인의 설립 및 감독에 관한 규칙,문화체육관광부,대구시청,농산유통과,주무관,최정애,053-803-3462
139,대구,-,제21회 대구국제오페라축제,문화예술,10.04.~11.08.,대구오페라하우스 및 대구 일원,대면,2003,"1,500",0,"1,500",0,"26,051","25,678",373,대구문화예술진흥원,재단법인,(재)대구문화예술진흥원 설립 및 운영에 관한 조례,해당없음,대구시청,문화콘텐츠과,주무관,김영진,053-803-3792
140,대구,-,대구콘텐츠페어,기타(산업육성),10.11.~10.12.,엑스코,혼합형,2022,290,0,290,0,"14,000","14,000",0,(주)엑스코,주식회사,대구광역시 주식회사 엑스코 설립 조례,해당없음,대구시청,문화콘텐츠과,주무관,김헌미,053-803-3801
141,대구,-,팔공산 산중전통장터 승시 축제,전통역사,10월중,동화사,대면,2010,552,0,460,92,"50,000","50,000",,대한불교조계종,비영리법인,,해당없음,대구시청,관광과,주무관,장준,053-803-6513
142,대구,-,대구포크페스티벌,문화예술,10월중,코오롱야외음악당,혼합형,2015,217,0,217,0,"8,000","8,000",미집계,대구포크페스티벌 조직위원회,사단법인,"문화예술진흥법 제3조, 제39조 등",해당없음,대구시청,문화예술정책과,주무관,이혜진,053-803-3746
143,대구,-,월드오케스트라페스티벌,문화예술,10~11월중,대구콘서트하우스,대면,2013,750,0,750,0,"9,044","9,044",미집계,대구문화예술진흥원,재단법인,재단법인 대구문화예술진흥원 설립 및 운영 조례,해당없음,대구시청,문화예술정책과,주무관,이혜진,053-803-3746
144,대구,중구,제35회 동성로축제,기타,05.10.~05.12.,동성로 일원,대면,1990,70,0,30,40,"67,806","67,806",미집계,(사)달성문화선양회,비영리민간단체,,해당없음,중구청,문화교육과,주무관,김보경,053-661-2174
145,대구,중구,대구 문화유산 야행,문화예술,08.30.~08.31.(예정),경상감영,대면,2016,250,70,180,0,"15,136","15,136",미집계,(공모예정),,,문화재청,중구청,관광과,주무관,정은주,053-661-2195
146,대구,중구,제11회 대구스트리트모터페스티벌,기타,9월중,남산동 자동차골목 일원,대면,2010,75,0,50,25,"8,000","8,000",0,남산동자동차골목상점가상인회,민간,,해당없음,중구청,교통과,주무관,차영미,053-661-3014
147,대구,중구,제19회 패션주얼리위크,문화예술,9월중,대구패션주얼리특구 일원(교동~동성로 일대),대면,2006,15,0,10,5,"1,200","1,000",200,대구패션주얼리특구상인회,비영리법인,전통시장 및 상점가 육성을 위한 특별법,해당없음,중구청,경제과,주무관,황보람,053-661-2645
148,대구,중구,서문시장글로벌대축제,전통역사,10월중,서문시장 일대,혼합형,1997,33,0,30,3,"6,000","5,000","1,000",대구 서문시장 연합회,비영리법인,전통시장 및 상점가 육성을 위한 특별법,중기부,중구청,경제과,주무관,이태현,053-661-2675
149,대구,중구,교동시장한마음축제,전통역사,10월중,교동시장 일대,혼합형,2011,11,0,10,1,"1,200","1,000",200,교동시장활성화구역상인회,비영리법인,전통시장 및 상점가 육성을 위한 특별법,중기부,중구청,경제과,주무관,이태현,053-661-2675
150,대구,중구,김광석길페스티벌,문화예술,10월중,김광석거리 일원,대면,2020,24,0,24,미정,"2,500","2,500",미집계,방천문화예술협회,비영리민간단체,,해당없음,중구청,문화교육과,주무관,김보경,053-661-2174
151,대구,중구,대구화교중화문화축제,문화예술,10월중,"대구화교소학교, 종로거리 일원",대면,2006,20,0,20,미정,미개최,,,대구화교협회,비영리민간단체,,해당없음,중구청,문화교육과,주무관,김보경,053-661-2174
152,대구,동구,제13회 팔공산 벚꽃축제,생태자연,4월중,팔공산 동화지구,대면,2009,36,0,26,10,"35,000","35,000",미집계,팔공산동화지구번영회,축제조직위,,해당없음,동구청,문화관광과,주무관,김세미,053-662-4073
153,대구,동구,제23회 팔공산 단풍축제,생태자연,10월중,팔공산 갓바위지구,대면,2000,25,0,20,5,"46,000","46,000",미집계,팔공산갓바위상가번영회,축제조직위,,해당없음,동구청,문화관광과,주무관,김세미,053-662-4073
154,대구,서구,"달구벌목민관 부임
마을축제",전통역사,10월중,"서구일대 
북비산네거리",대면,2015,40,0,40,0,"1,000",950,50,대구광역시 서구,기초지자체,,해당없음,서구청,문화홍보과,주무관,김수현,053-663-2184
155,대구,남구,제29회 대덕제 「대구앞산축제」,문화예술,05.25.~05.26.,남구구민체육광장 일원,대면,1987,468,0,468,0,"30,000","30,000",미집계,대구광역시 남구,기초지자체,,해당없음,남구청,문화관광과,주무관,김지혜,053-664-3262
156,대구,남구,제12회 로드페스티벌,문화예술,6월 예정,대명공연거리,대면,2013,45,0,45,0,"1,000","1,000",미집계,대명공연예술단체연합회,민간단체,,해당없음,남구청,문화관광과,주무관,이지은,053-664-3263
157,대구,남구,2024 대구할로윈축제,문화예술,10월 예정,안지랑곱창골목,대면,2018,140,0,140,0,미개최,,,대구광역시 남구,기초지자체,,해당없음,남구청,문화관광과,주무관,김지혜,053-664-3262
158,대구,북구,제4회 떡볶이 페스티벌,문화예술,5월중,DGB대구은행파크,대면,2021,300,0,300,0,"80,000","79,000","1,000",대구광역시 북구,기초지자체,,해당없음,북구청,문화예술과,팀장,이효영,053-665-2793
159,대구,북구,2024 금호강 바람소리길 축제,문화예술,9~10월중,금호강 산격대교 하단,대면,2015,470,0,470,0,"45,000","45,000",,행복북구문화재단,재단법인,대구광역시 북구 문화재단 설립 및 운영에 관한 조례,해당없음,북구청,문화예술과,주무관,이미경,053-665-2172
160,대구,수성구,수성못페스티벌,문화예술,09.22.~09.24.,수성못,대면,2014,560,0,460,100,"242,000","242,000",,수성문화재단,재단법인,대구광역시 수성구 문화재단 설립 및 운영에 관한 조례,해당없음,수성구청,문화관광과,주무관,구혜련,053-666-2163
161,대구,달서구,장미꽃 필 무렵,생태자연,05.17.~05.19.,이곡장미공원 등,대면,2011,66,0,66,0,"10,000","10,000",미집계,달서문화재단,재단법인,대구광역시 달서구 문화재단 설립 및 운영에 관한 조례(2021년),해당없음,달서구청,문화관광과,주무관,서준혁,053-667-2174
162,대구,달서구,선사문화체험축제,전통역사,5월중,한샘청동공원 등,대면,2015,40,0,40,0,"5,000","5,000",미집계,달서구문화원,사단법인,지방문화원진흥법,해당없음,달서구청,문화관광과,주무관,김도균,053-667-2194
163,대구,달서구,희망달서 대축제,기타(주민화합),10월중,달서아트센터 일원,대면,2013,100,0,100,0,"10,000","10,000",미집계,달서문화재단,재단법인,대구광역시 달서구 문화재단 설립 및 운영에 관한 조례(2021년),해당없음,달서구청,문화관광과,주무관,서준혁,053-667-2174
164,대구,달성군,제28회 비슬산 참꽃 문화제,문화예술,4월중(2일),비슬산 일원,대면,1997,250,0,250,0,"10,000","10,000",미집계,달성문화재단,재단법인,"대구광역시 달성군 달성문화재단 설립 및 
운영 조례",해당없음,달성군청,문화예술과,주무관,이수권,053-668-2172
165,대구,달성군,2024 yes! 키즈존,문화예술,"5월, 10월중(각1일)","강정보 디아크 광장, 국립대구과학관",대면,2023,350,0,350,0,"28,500","28,500",미집계,달성문화재단,재단법인,"대구광역시 달성군 달성문화재단 설립 및 
운영 조례",해당없음,달성군청,문화예술과,주무관,이수권,053-668-2172
166,인천,-,송도 바람축제,문화예술,5월 중,송도 달빛축제공원 일원,대면,2022,280,0,280,,"20,000","20,000",,연수문화재단,재단법인,연수문화재단 설립에 관한 조례(2019년),해당없음,인천경제자유구역청,미디어문화과,주무관,진정미,032-453-7093
167,인천,-,청라 페스티벌,문화예술,5월 중,청라 호수공원 일원,대면,2024,200,0,200,,0,0,,인천관광공사,공사,인천관광공사 설립 및 운영에 관한 조례,해당없음,인천경제자유구역청,미디어문화과,주무관,진정미,032-453-7093
168,인천,-,영종 세계음식축제,문화예술,9월 중,영종 씨사이드파크 일원,대면,2022,280,0,280,,"40,000","40,000",,인천중구문화재단,재단법인,중구문화재단 설립에 관한 조례(2022년),해당없음,인천경제자유구역청,미디어문화과,주무관,진정미,032-453-7093
169,인천,-,청라 와인페스티벌,문화예술,10월 중,청라 호수공원 일원,대면,2022,280,0,280,,"46,000","46,000",,인천서구문화재단,재단법인,서구문화재단 설립에 관한 조례(2017년),해당없음,인천경제자유구역청,미디어문화과,주무관,진정미,032-453-7093
170,인천,-,2024년 인천대공원 벚꽃축제,문화예술,4. 6. ~ 4. 7.(예정),인천대공원,대면,2023,200,0,200,,"533,201","533,201",미집계,,,,해당없음,인천광역시,인천대공원사업소,주무관,함창환,032-440-5814
171,인천,-,제4회 인천도시재생축제,기타,10월 중 (협의중),동구 일원,대면,2021,13,0,13,0,"4,424","4,424",미집계,인천 도시재생지원센터,위탁운영,인천광역시 도시재생 활성화 및 지원에 관한 조례,해당없음,인천 도시재생지원센터,지역협력팀,코디네이터,이현선,032-260-5374
172,인천,-,인천펜타포트음악축제,문화예술,5월~9월,송도달빛축제공원 등 인천전역,대면,2006,"3,236",36,"1,200","2,000","150,000","149,000","1,000",인천관광공사,공사,인천관광공사 설립 및 운영에 관한 조례,한국관광공사,인천관광공사,축제이벤트팀,과장,김명훈,032-899-7423
173,인천,-,INK콘서트,문화예술,9월,인천문학경기장,대면,2009,"1,000",0,"1,000",0,"23,925","16,625","7,300",인천관광공사,공사,인천관광공사 설립 및 운영에 관한 조례,해당없음,인천관광공사,축제이벤트팀,과장,설경호,032-899-7421
174,인천,-,동인천 낭만축제,주민화합,10월,동인천역 북광장,대면,2018,150,0,150,0,"80,000","80,000",미집계,인천관광공사,공사,인천관광공사 설립 및 운영에 관한 조례,해당없음,인천관광공사,축제이벤트팀,부장,김상윤,032-899-7422
175,인천,-,(가제) 상플 1·8부두 야시장,주민화합,6월 예정,상상플랫폼,대면,2024,805,700,105,0,-,-,-,인천관광공사,공사,인천관광공사 설립 및 운영에 관한 조례,문화체육관광부,인천관광공사,축제이벤트팀,주임,천나혜,032-899-7427
176,인천,"중구
(인천관광공사)",인천개항장문화재야행,전통역사,"6월, 10월",중구 개항장 일대,대면,2016,"1,000",400,600,0,"110,000","110,000",미집계,인천관광공사,공사,인천관광공사 설립 및 운영에 관한 조례,문화재청,인천관광공사,축제이벤트팀,대리,강상규,032-899-7424
177,인천,중구,연안부두축제,문화예술,10월중,인천종합어시장,대면,2001,90,0,90,0,"2,000","2,000",미집계,인천종합어시장협동조합,협동조합,,해당없음,인천 중구,문화관광과,행정7급,조윤영,032-760-6445
178,인천,중구,2024 가족의달 어린이축제,문화예술,5. 4. ~ 5.,송월동 동화마을 일원 / 영종역사관 일원,대면,2016,80,0,80,0,"8,000","8,000",미집계,인천중구문화재단,재단법인,인천광역시 중구 지역문화진흥 조례,해당없음,인천중구문화재단,생활축제팀,주임,정예슬,070-4123-8950
179,인천,중구,2024 자유공원축제,문화예술,5월,자유공원일원,대면,,100,0,100,0,"5,000","5,000",미집계,인천중구문화재단,재단법인,인천광역시 중구 지역문화진흥 조례,해당없음,인천중구문화재단,생활축제팀,대리,최지훈,070-4123-8949
180,인천,중구,2024 동인천고고축제,문화예술,5월,학생문화회관 일원,대면,2024,100,0,100,0,-,-,-,인천중구문화재단,재단법인,인천광역시 중구 지역문화진흥 조례,해당없음,인천중구문화재단,생활축제팀,대리,윤태석,070-4123-8945
181,인천,중구,2024 크리스마스 트리축제,문화예술,11월~2025년 1월,신포문화의거리 / 영종국제도시 일원,대면,2014,200,0,200,0,650,650,미집계,인천중구문화재단,재단법인,인천광역시 중구 지역문화진흥 조례,해당없음,인천중구문화재단,생활축제팀,대리,윤태석,070-4123-8945
182,인천,동구,제35회 화도진축제,"전통역사, 문화예술",5월 중,"화도진공원, 동인천역북광장 일원",대면,1990,593,0,593,0,"150,000","150,000",미집계,,,,해당없음,인천 동구,홍보문화실,주무관,권중혁,032-770-6923
183,인천,동구,화수부두 축제,"특산물, 기타",10월 중,화수부두 일원,대면,2023,150,0,150,0,"5,000","5,000",미집계,,,,해당없음,인천 동구,홍보문화실,주무관,권중혁,032-770-6923
184,인천 ,미추홀구,2024. 수봉산 문화공연,기타(주민화합 등),4월 중,수봉공원 정상부(예정),대면,2021,51,0,51,0,"1,000","1,000",미집계,,,,해당없음,인천 미추홀구,문화예술과,주무관,심주희,032-880-7427
185,인천 ,미추홀구,제4회 수봉산페스티벌,기타(주민화합 등),9월 중,수봉공원 인공폭포(예정),대면,2021,149,0,149,0,"4,000","4,000",미집계,,,,해당없음,인천 미추홀구,문화예술과,주무관,심주희,032-880-7427
186,인천 ,미추홀구,제21회 미추홀미디어문화축제,기타(주민화합 등),9월 중,주안역 남광장(예정),대면,2004,230,0,230,0,"8,000","8,000",미집계,,,,해당없음,인천 미추홀구,문화예술과,주무관,조봄,032-880-7978
187,인천 ,미추홀구,크리스마스트리 축제,기타(주민화합 등),12월 중,미추홀구 관내(예정),대면,2023,0,0,33,0,"1,000","1,000",미집계,,,,해당없음,인천 미추홀구,문화예술과,주무관,조봄,032-880-7978
188,인천,연수구,제12회 연수 능허대 문화축제,기타,미정,관내공원,대면,2004,300,0,300,0,"76,580","76,580",미집계,연수구축제추진위원회,위원회,인천광역시 연수구 지역문화진흥 조례,해당없음,인천 연수구,문화관광과,주무관,김영애,032-749-7332
189,인천,연수구,제5회 新송도해변축제,기타,미정,관내공원,대면,2016,400,0,400,0,"92,021","92,021",미집계,연수문화재단,재단법인,인천광역시 연수구 지역문화진흥 조례,해당없음,인천 연수구,문화관광과,주무관,정소윤,032-749-7333
190,인천,남동구,제24회 소래포구축제,생태자연,9~10월중,소래포구 일원,대면,2001,600,0,600,,"450,000","450,000",미집계,남동문화재단,재단법인,남동구 지역문화 진흥 조례,해당없음,인천 남동구,문화관광과,주무관,김미진,032-453-2142
191,인천,남동구,주민자치 축제 한마당,기타(주민화합),9~10월중,만수동 일원(예정),대면,2024,139,0,139,0,-,-,-,,,,해당없음,인천 남동구,총무과,주무관,김대혁,032-453-2203
192,인천,부평구,2024년 제28회 부평풍물대축제,문화예술,09.27.~09.29.,부평대로 등 부평일원,대면,1997,736,36,700,0,"216,677","216,373",304,부평구축제위원회(축제운영기획단),비영리단체,인천광역시부평구 축제위원회 설치 및 운영 조례,문화체육관광부,인천 부평구,문화관광과,주무관,손기우,032-509-6425
193,인천,서구,정서진 해넘이 행사,기타,12.1.~12.31.,정서진,대면,2011,50,0,50,,"7,000","7,000",미집계,문화관광체육과,지자체,해당없음,해당없음,인천서구청,문화관광체육과,주무관,이가영,032-560-5933
194,인천,서구,"크리스마스트리 문화행사
정서진 with 크리스마스",기타,12.1.~12.31.,정서진,대면,2023,60,0,60,,"7,000","7,000",미집계,문화관광체육과,지자체,해당없음,해당없음,인천서구청,문화관광체육과,주무관,이가영,032-560-5933
195,인천,강화군,고려산 진달래꽃구경,생태자연,4월중,강화군 고려산일원,대면,2003,290,0,290,0,"120,000","120,000",미집계,,,,해당없음,인천 강화군,문화관광과,주무관,현혜선,032-930-3622
196,인천,강화군,삼랑성역사문화축제,전통역사,10월중,전등사 일원,대면,2001,230,0,230,0,"40,000","40,000",미집계,"삼랑성역사문화축제
조직위원회",비영리단체,비영리민간단체지원법,해당없음,인천 강화군,문화관광과,주무관,최준용,032-930-3578
197,인천,강화군,"강화 와글와글 원도심 
활성화 행사",기타,"5월, 10월중",강화읍 일원,대면,2023,200,0,200,0,"34,000","34,000",미집계,,,,해당없음,인천 강화군,문화관광과,주무관,구윤자,032-930-3566
198,인천,강화군,강화문화재야행,전통역사,9월중,강화읍 일원,대면,2018,400,0,400,0,"30,000","30,000",미집계,,,,해당없음,인천 강화군,문화관광과,주무관,구윤자,032-930-3566
199,인천,강화군,강화 화개정원 축제,생태자연,10월 중,화개정원 일원,대면,2022,290,0,100,190,"11,093","11,093",미집계,,,,해당없음,인천 강화군,문화관광과,주무관,이예지,032-930-3562
200,인천,옹진군,연평꽃게걷기축제,특산물,06.10.~06.11.,연평면 일원,대면,2023,35,0,20,15,500,500,미집계,연가지기,사단법인,-,해당없음,옹진군청,관광문화진흥과,주무관,정종혁,032-899-2262